001.221;+17.295;       1;  1; ; ; ;B;   ;00 02 19.0; 4;  ;+17 01.0; 7; ;    8.0; ;  2.0; ; ;    ;    ;    ;
001.595; -0.105;       2;  2; ; ; ;A;   ;00 03 49.0; 5;  ;-00 23.0; 7;);   16.5; ;  4.5; ; ;    ;    ;    ;MSH 00-01
001.915; -6.238;       3;  3; ; ; ;A;   ;00 05 06.0; 5;  ;-06 31.0;10; ;   11.0; ;  3.0; ; ;    ;    ;    ;MSH 00-02
002.585;+33.045;       4;  4;); ; ;A;   ;00 07 45.0; 8;  ;+32 46.0; 5;);   10.5; ;  2.0;); ;    ;    ;    ;
003.328; +1.061;       5;  5; ; ; ;B;   ;00 10 45.0; 4;  ;+00 47.0;10;);    8.0; ;  2.5; ; ;    ;    ;    ;MSH 00+02
003.362;+30.361;       6;  6;); ; ;A;   ;00 10 51.0;10;  ;+30 05.0; 3; ;   16.5; ;  2.5;); ;    ;    ;    ;2C 15 ^ ->
004.906; -4.356;       7;  7; ; ; ;B;   ;00 17 04.0; 2;  ;-04 38.0; 9;);   13.5; ;  2.5; ; ;    ;    ;    ;MSH 00-03? 00-04?
005.046; -8.306;       8;  8;); ; ;B;   ;00 17 38.0;10;  ;-08 35.0;11;);    9.0; ;  2.0;); ;    ;    ;    ;
005.105;+15.661;       9;  9; ; ; ;A;   ;00 17 50.0; 5;  ;+15 23.0; 8; ;   15.5; ;  2.5; ; ;    ;    ;    ;2C 26->
006.355;+64.143;      10; 10; ;+;*;A;   ;00 22 37.0; 2;  ;+63 52.0; 2; ;  110.0; ; 17.0; ; ; 5.4; 0.5;    ;2C 34: Tycho Brahe's S.N.
007.300;+21.176;      11; 11; ; ; ;A;   ;00 26 35.0; 4;  ;+20 54.0; 6; ;   10.5; ;  3.5; ; ;    ;    ;    ;
008.179;+19.992;      12; 12; ; ; ;A;   ;00 30 06.0; 4;  ;+19 43.0; 6;);    9.5; ;  1.5; ; ;    ;    ;    ;
008.569;+39.325;      13; 13; ; ;*;A; <-;00 31 35.0; 5;  ;+39 03.0; 4;);   12.0; ;  3.0; ; ;    ;    ;    ;2C 42 <-
009.051;+18.692;      14; 14; ; ; ;A;   ;00 33 35.0; 3;  ;+18 25.0; 7; ;   13.5; ;  2.0; ; ;    ;    ;    ;2C 44 ^
009.465; -1.242;      15; 15; ; ; ;B;   ;00 35 18.0; 4;  ;-01 31.0; 5; ;   21.5; ;  3.0; ; ;    ;    ;    ;2C 50, MSH 00-09?
009.618;+13.108;      16; 16; ; ; ;B;   ;00 35 52.0; 6;  ;+12 50.0;16; ;   10.5; ;  2.0;); ;    ;    ;    ;
009.793; -1.992;      17; 17; ; ; ;B;   ;00 36 37.0; 3;  ;-02 16.0;14; ;   21.5; ;  7.0; ; ;    ;    ;    ;2C 50, MSH 00-09?
010.024;+10.174;      18; 18; ; ; ;B; <-;00 37 30.0; 5;  ;+09 54.0; 7; ;   16.5; ;  4.5; ; ;    ;    ;    ;MSH 00+011
010.230;+33.174;      19; 19; ; ; ;A;   ;00 38 14.0; 6;  ;+32 54.0; 4; ;   13.0; ;  2.5; ; ;    ;    ;    ;2C 51
011.099;+52.090;      20; 20; ;+;*;A; ->;00 41 34.0; 4;  ;+51 49.0; 3; ;   30.0; ; 10.0; ;<; 2.5;    ;    ;2C 59 ^ ->
011.857;+20.673;      21; 21; ; ; ;A;   ;00 44 47.0; 5; ^;+20 24.0; 3; ;   10.0; ;  2.0; ; ;    ;    ;    ;
012.752;+51.122;      22; 22; ; ; ;A;   ;00 48 09.0; 2;  ;+50 51.0; 5; ;   13.5; ;  2.5; ; ;    ;    ;    ;
013.131;+17.788;      23; 23; ; ; ;A;<->;00 49 53.0; 5;  ;+17 31.0; 6; ;   16.0; ;  2.5; ; ;    ;    ;    ;
013.356;+40.471;      24; 24; ; ; ;A; <-;00 50 39.0; 5; v;+40 12.0; 5;);    9.5; ;  1.5; ; ;    ;    ;    ;
013.474;+67.404;      25; 25; ; ; ; ;   ;00 50 44.0; 5;  ;+67 08.0;10; ;    8.0; ;  3.0; ; ;    ;    ;    ;
013.537; -3.579;      26; 26; ; ; ;A;   ;00 51 36.0; 4;  ;-03 51.0;12; ;    8.0; ;  2.0; ; ;    ;    ;    ;MSH 00-015, DWD
013.980;+68.487;      27; 27; ; ; ; ;   ;00 52 42.0; 3;  ;+68 13.0;10; ;   22.0; ;  5.0; ; ;    ;    ;    ;
013.961;+26.404;      28; 28; ; ; ;A;   ;00 53 09.0; 6;  ;+26 08.0;10; ;   19.5; ;  3.5; ;<; 4.0;    ;    ;2C 72?
014.401; -1.313;      29; 29;); ; ;A;   ;00 55 03.0; 4;  ;-01 35.0;10; ;   17.0; ;  6.0; ; ;    ;    ;    ;MSH 00-017
015.693;+14.685;      30; 30; ; ;*;A;   ;01 00 08.0; 6;  ;+14 25.0; 7; ;   14.5; ;  3.5; ; ;    ;    ;    ;
016.661;+32.450;      31; 31; ; ; ;B;   ;01 03 53.0; 7;  ;+32 11.0; 9; ;   10.5; ;  2.0;); ;    ;    ;    ;
017.117;-16.033;      32; 32; ; ; ; ;   ;01 06 00.0;12;  ;-16 18.0;12; ;   20.0; ;  4.0; ;<; 4.0;    ;    ;2C 92, MSH 01-12
017.214;+13.350;      33; 33; ; ;*;A;   ;01 06 13.0; 3;  ;+13 05.0; 9; ;   58.0; ;  6.0; ;<; 2.0;    ;    ;2C 94, DWD
017.570;+31.666;      34; 34; ; ;*;A;   ;01 07 31.0; 2;  ;+31 24.0; 4;);   12.5; ;  2.5; ; ;    ;    ;    ;
017.940;+47.349;      35; 35; ; ; ;B; ->;01 08 50.0; 3;  ;+47 05.0; 6; ;    9.0; ;  2.5; ; ;    ;    ;    ;
019.542;+45.646;      36; 36; ; ; ;A; ->;01 15 14.0; 5;  ;+45 23.0; 6;);    8.0; ;  1.5;); ;    ;    ;    ;
019.481; -0.604;      37; 37; ; ; ;A;   ;01 15 22.0; 4; ^;-00 52.0; 5; ;   12.0; ;  2.5;); ;    ;    ;    ;MSH 01+03?
020.139;-15.655;      38; 38; ; ; ; ;   ;01 18 06.0;12;  ;-15 55.0;12; ;   22.0; ;  4.0; ; ; 3.0; 1.0;    ;2C 107<-, MSH 01-19
020.647; +3.911;      39; 39; ; ; ;A;   ;01 20 00.0; 4;  ;+03 39.0;15; ;    9.5; ;  3.0; ; ;    ;    ;    ;MSH 01+03?
021.534; -1.274;      40; 40; ; ; ;A; <-;01 23 35.0; 2; v;-01 32.0; 9;);   26.0; ;  5.0; ; ;    ;    ;    ;2C 122->?MSH 01-05: poss. extd.
021.681;+33.093;      41; 41; ; ; ;B;   ;01 23 54.0; 5;  ;+32 50.0; 6;);    8.5; ;  2.0; ; ;    ;    ;    ;2C 119
021.918;+29.059;      42; 42; ; ; ;B;   ;01 24 53.0; 7;  ;+28 48.0; 4;);   12.0; ;  2.0;); ;    ;    ;    ;
022.494;+23.558;      43; 43; ; ;*;A;   ;01 27 14.0; 5;  ;+23 18.0; 9; ;   16.5; ;  2.5;); ;    ;    ;    ;2C 124 ^
022.614; +3.491;      44; 44; ; ; ;A;   ;01 27 52.0; 3;  ;+03 14.0;10;);    8.0; ;  2.5; ; ;    ;    ;    ;MSH 01+06?
024.011; +8.488;      45; 45; ; ; ;B;   ;01 33 25.0; 7;  ;+08 14.0;10; ;    9.0; ;  1.5; ; ;    ;    ;    ;MSH 01+08
024.124;+37.938;      46; 46; ; ; ;B;   ;01 33 35.0; 5;  ;+37 41.0; 6; ;   12.5; ;  3.0; ; ;    ;    ;    ;DWD
024.108;+20.955;      47; 47; ; ;*;A;   ;01 33 42.0; 5;  ;+20 42.0; 3; ;   27.0; ;  5.0; ;<; 4.0;    ;    ;DWD
024.427;+33.171;      48; 48; ; ;*;A;   ;01 34 51.0; 5;  ;+32 55.0; 4; ;   50.0; ; 11.0; ;<; 3.0;    ;    ;2C 133 ^
025.303;+14.052;      49; 49; ; ; ;A;   ;01 38 32.0; 5;  ;+13 48.0; 7;);   10.0; ;  2.0; ; ;    ;    ;    ;2C 138 ^->
026.088;+51.551;      50; 50; ; ; ;B;   ;01 41 11.0; 7;  ;+51 18.0; 6;);    8.0; ;  1.5; ; ;    ;    ;    ;
026.389;+38.967;      51; 51; ; ; ;A;   ;01 42 36.0; 4;  ;+38 43.0; 6;);    8.0; ;  1.5;); ;    ;    ;    ;
027.604;+55.564;      52; 52; ; ; ;B;   ;01 47 07.0; 7; v;+55 19.0; 5;);    9.5; ;  1.5;); ;    ;    ;    ;
028.306; -4.037;      53; 53; ; ; ;B;   ;01 50 42.0; 5; v;-04 17.0;10;);   10.5; ;  2.0; ; ;    ;    ;    ;2C 155 <-, MSH 01-013?
028.871;+43.628;      54; 54; ; ;*;A;   ;01 52 25.0; 3;  ;+43 23.0; 5; ;   11.5; ;  2.0;); ;    ;    ;    ;2C 162
029.294;+28.810;      55; 55; ; ;*;A;   ;01 54 19.0; 2;  ;+28 34.0; 4; ;    7.5; ;  3.5; ;<; 4.0;    ;    ;2C 165
030.444;+46.274;      56; 56; ; ; ;A; <-;01 58 38.0; 6;  ;+46 02.0; 7; ;   10.0; ;  2.0; ; ;    ;    ;    ;DWD
030.662;-11.543;      57; 57; ; ; ;A;   ;02 00 12.0; 2;  ;-11 47.0;10;);   10.5; ;  2.0;); ;    ;    ;    ;MSH 01-121
031.365;+64.872;      58; 58; ; ; ; ;   ;02 01 41.0; 2;  ;+64 38.0;15; ;   13.0; ;  3.0; ; ;    ;    ;    ;2C 177
031.527;+27.155;      59; 59;); ; ;A;   ;02 03 15.0; 6; ^;+26 55.0; 6;);    8.5; ;  2.5; ; ;    ;    ;    ;2C 181
032.811;+21.302;      60; 60; ; ; ;A;   ;02 08 27.0; 4;  ;+21 04.0; 6;);    9.5; ;  2.5; ; ;    ;    ;    ;2C 186 ^
033.347;+17.533;      61; 61; ; ; ;A;   ;02 10 38.0; 9;  ;+17 18.0; 7;);    8.5; ;  1.5;); ;    ;    ;    ;
033.879;-13.251;      62; 62; ; ; ; ;   ;02 13 06.0;12;  ;-13 29.0;12; ;   13.0; ;  4.0; ;<; 4.0;    ;    ;2C 196? MSH 02-15
035.235; -1.938;      63; 63; ; ; ;A;   ;02 18 24.0; 1;  ;-02 10.0; 5; ;   26.0; ;  5.0; ;<; 4.0;    ;    ;MSH 02-07
035.502; +8.544;      64; 64; ; ; ;B;   ;02 19 21.0; 4; v;+08 19.0; 5; ;   11.5; ;  2.5; ; ;    ;    ;    ;MSH 02+05
035.700;+39.994;      65; 65; ; ; ;B; <-;02 19 42.0; 4;  ;+39 46.0; 3; ;   18.5; ;  3.0; ; ;    ;    ;    ;2C 201 ^?
035.854;+43.077;      66; 66; ; ; ;B;   ;02 20 15.0; 5;  ;+42 51.0; 5;);   28.0; ;  7.0; ; ; 5.0; 2.0;    ;2C 205 v <-?, DWD
036.293;+30.125;      67; 67; ; ; ;A;   ;02 22 14.0; 3;  ;+29 54.0; 9; ;   10.0; ;  2.0; ; ;    ;    ;    ;2C 207?
037.636; -7.112;      68; 68; ; ; ;B; <-;02 28 04.0; 2;  ;-07 20.0;11;);    9.0; ;  1.5;); ;    ;    ;    ;MSH 02-011?
039.517;+59.199;      69; 69; ;+;*;A;   ;02 34 20.0; 3; v;+58 59.0; 3; ;   23.0; ;  2.0; ; ;    ;    ;    ;2C 229 v <-
040.460; -3.037;      70; 70; ; ; ;B;   ;02 39 19.0; 3;  ;-03 15.0;14; ;    8.0; ;  2.0;); ;    ;    ;    ;MSH 02-013?
040.665; -0.204;      71; 71; ; ; ;B;   ;02 40 06.0; 5;  ;-00 25.0; 9;);   11.0; ;  2.5;); ;    ;    ;    ;2C 2-34 v <-, MSH 02-014, DWD
040.911;+26.945;      72; 72;); ; ;A;   ;02 40 43.0; 8;  ;+26 44.0; 5;);   10.0; ;  2.5; ; ;    ;    ;    ;
042.577;+39.490;      73; 73; ; ; ;B; <-;02 47 08.0; 7; v;+39 17.0; 4;);   12.0; ;  2.0;); ;    ;    ;    ;2C 240 ^
043.472;+20.020;      74; 74; ; ; ;A;   ;02 51 03.0; 6;  ;+19 49.0; 7;);    8.5; ;  2.5; ; ;    ;    ;    ;
044.274; +6.284;      75; 75; ; ; ;A;   ;02 54 27.0; 4;  ;+06 05.0; 4; ;   38.0; ; 10.0; ; ; 5.0; 2.0;    ;MSH 02+010? DWD
045.675;+50.929;      76; 76; ; ; ;A;   ;02 59 10.0; 5;  ;+50 44.0; 6;);    8.5; ;  1.5;); ;    ;    ;    ;
046.802;+50.109;      77; 77; ; ; ;A;   ;03 03 41.0; 5;  ;+49 55.0; 6;);    8.0; ;  1.5;); ;    ;    ;    ;
047.143; +4.341;      78; 78; ; ; ;A;   ;03 05 57.0; 4;  ;+04 09.0; 6;);   17.0; ;  5.0; ; ;    ;    ;    ;2C 280, MSH 03+03?
047.507;+17.106;      79; 79; ; ;*;A;   ;03 07 13.0; 3;  ;+16 55.0; 3; ;   34.0; ;  5.0; ; ; 2.0; 2.0;    ;2C 283 v?
047.626; -2.811;      80; 80; ; ; ;A; ->;03 07 59.0; 5;  ;-03 00.0;11;);    8.0; ;  2.0;); ;    ;    ;    ;
048.061;+48.688;      81; 81; ; ; ;B;   ;03 08 45.0; 5;  ;+48 30.0; 5;);    9.5; ;  2.0;); ;    ;    ;    ;2C 285?
048.124;+41.087;      82; 82; ; ; ;A;   ;03 09 13.0; 3;  ;+40 54.0; 4;);   15.0; ;  2.5;); ;    ;    ;    ;
048.356;+26.586;      83; 83;); ; ;B;   ;03 10 27.0;10;  ;+26 24.0;10;);   14.0; ;  3.5; ; ;    ;    ;    ;2C 283 ^?
049.948;+41.464;      84; 84; ; ;*;A;   ;03 16 29.0; 3;  ;+41 17.0; 2; ;   50.0; ;  7.0; ; ;    ;    ;C   ;2C 296, W6, NGC 1275
050.582;+17.428;      85; 85;); ; ;A;   ;03 19 30.0; 5;  ;+17 15.0; 8;);    8.5; ;  1.5;); ;    ;    ;    ;2C 300
051.854;+55.290;      86; 86; ;+;*;A;   ;03 23 36.0; 3;  ;+55 07.0; 6; ;   19.0; ;  4.0; ; ;    ;    ;    ;
051.771;+44.007;      87; 87; ; ; ;A;   ;03 23 41.0; 3;  ;+43 50.0; 5;);    9.5; ;  2.0; ; ;    ;    ;    ;
051.962; +2.289;      88; 88; ; ; ;B;   ;03 25 15.0; 3;  ;+02 07.0; 9;);    9.0; ;  2.0;); ;    ;    ;    ;MSH 03+05, DWD
053.578; -1.067;      89; 89; ; ; ;B;   ;03 31 46.0; 5;  ;-01 14.0;10; ;   19.5; ;  4.5; ; ;    ;    ;    ;2C 317, MSH 03-03
053.926;+13.182;      90; 90;); ; ;A;   ;03 32 56.0; 5;  ;+13 01.0;10; ;    9.0; ;  2.0; ; ;    ;    ;    ;
054.502;+51.013;      91; 91; ; ; ;A; ->;03 34 20.0; 2;  ;+50 51.0; 7; ;   14.0; ;  3.0; ; ;    ;    ;    ;
054.583;+29.930;      92; 92; ; ; ;A;   ;03 35 15.0; 2;  ;+29 46.0; 5;);   11.0; ;  2.0;); ;    ;    ;    ;
055.707; +5.192;      93; 93; ; ; ;A;   ;03 40 11.0; 4;  ;+05 02.0;10; ;   11.5; ;  2.5; ; ;    ;    ;    ;MSH 03+08
058.144; -7.135;      94; 94; ; ; ;A; ->;03 50 08.0; 3;  ;-07 17.0;10; ;   15.5; ;  4.0; ; ;    ;    ;    ;MSH 03-06
058.304; -9.669;      95; 95; ; ; ;B;   ;03 50 49.0; 6; v;-09 49.0;15;);    8.5; ;  2.0;); ;    ;    ;    ;MSH 03-110?
059.570;+14.776;      96; 96;); ; ;B;   ;03 55 28.0; 6; ^;+14 38.0; 8;);    9.0; ;  3.0; ; ;    ;    ;    ;
059.845;+49.075;      97; 97; ; ; ;A;   ;03 55 43.0; 4;  ;+48 56.0; 5;);   10.0; ;  2.0;); ;    ;    ;    ;2C 348 ^ ->?
059.743;+10.542;      98; 98; ; ;*;A;   ;03 56 14.0; 3;  ;+10 24.0; 5; ;   41.0; ;  9.0; ;<; 3.0;    ;    ;2C 349
060.267; +0.423;      99; 99; ; ; ;A;   ;03 58 30.0; 4;  ;+00 17.0; 7;);   14.5; ;  3.5; ; ;    ;    ;    ;MSH 03+012
060.440; -8.911;     100;100; ; ; ;A;   ;03 59 21.0; 4;  ;-09 03.0;12;);    8.5; ;  2.0;); ;    ;    ;    ;MSH 04-02?
060.705;+16.704;     101;101; ; ; ;B;   ;03 59 58.0; 3;  ;+16 34.0;10;);    9.0; ;  2.0;); ;    ;    ;    ;
060.715; -1.046;     102;102; ; ; ;B;   ;04 00 19.0; 4;  ;-01 11.0;10;);    9.0; ;  2.0; ; ;    ;    ;    ;MSH 04+02?
062.027;+43.016;     103;103; ; ;*;A;   ;04 04 38.0; 4;  ;+42 53.0; 4; ;   29.0; ;  6.0; ;<; 3.0;    ;    ;2C 361
061.977;+34.066;     104;104;); ; ;A;   ;04 04 41.0; 3;  ;+33 56.0; 8; ;    9.0; ;  3.5; ; ;    ;    ;    ;2C 357?
061.856; +3.716;     105;105; ; ; ;B;   ;04 04 48.0; 2;  ;+03 35.0; 7;);   12.5; ;  5.0; ; ;    ;    ;    ;MSH 04+03
062.843; +7.245;     106;106; ; ; ;B;   ;04 08 41.0; 6;  ;+07 07.0; 9;);    8.0; ;  2.0; ; ;    ;    ;    ;
063.116; -0.889;     107;107; ; ; ;A;   ;04 09 55.0; 3;  ;-01 01.0; 9;);   11.5; ;  2.5;); ;    ;    ;    ;MSH 04-06
063.390;+25.110;     108;108; ; ; ;A;   ;04 10 32.0; 6;  ;+24 59.0; 5; ;   10.0; ;  2.5; ; ;    ;    ;    ;
063.419;+11.376;     109;109; ; ;*;A;   ;04 10 55.0; 3;  ;+11 15.0; 4; ;   19.5; ;  3.0;); ;    ;    ;    ;2C 374 v ?
064.336; -5.745;     110;110; ; ; ;B;   ;04 14 53.0; 6;  ;-05 52.0;11;);    8.5; ;  2.5; ; ;    ;    ;    ;MSH 04-07?
064.606;+37.955;     111;111; ; ;*;A;   ;04 15 05.0; 2;  ;+37 50.0; 4; ;   60.0; ; 13.0; ;<; 4.0;    ;    ;2C 379
064.523; -2.929;     112;112; ; ; ;B;   ;04 15 35.0; 3;  ;-03 03.0;10; ;    8.0; ;  3.0; ; ;    ;    ;    ;MSH 04-08?
065.119;+11.069;     113;113; ; ; ;A; ->;04 17 43.0; 4;  ;+10 57.0; 9;);    9.5; ;  2.5; ; ;    ;    ;    ;
065.292;+17.835;     114;114; ; ; ;A;   ;04 18 17.0; 5;  ;+17 43.0;12; ;   12.5; ;  3.0; ; ;    ;    ;    ;
065.541;+34.850;     115;115;); ; ;B;   ;04 18 54.0; 7;  ;+34 44.0; 6; ;    9.5; ;  2.0;); ;    ;    ;    ;
065.892;+30.215;     116;116; ; ; ;B;   ;04 20 25.0; 3;  ;+30 06.0; 4;);   12.5; ;  2.0; ; ;    ;    ;    ;
066.080;+40.848;     117;117; ; ; ;B;   ;04 20 53.0; 5;  ;+40 44.0; 5;);   11.0; ;  2.0;); ;    ;    ;    ;
067.778; +1.007;     118;118; ; ; ;B;   ;04 28 32.0; 3;  ;+00 54.0;12; ;    8.5; ;  2.0;); ;    ;    ;    ;2C 395<-, MSH 04+07
068.152;+41.539;     119;119; ; ;*;A;   ;04 29 08.0; 3;  ;+41 26.0; 4;);   14.5; ;  2.5;); ;    ;    ;    ;2C 396
068.033; +2.022;     120;120; ; ; ;B;   ;04 29 32.0; 4;  ;+01 55.0; 8; ;   11.5; ;  2.5;); ;    ;    ;    ;
068.363; -8.863;     121;121; ; ; ;A;   ;04 31 03.0; 2;  ;-08 58.0;12;);   12.0; ;  2.5;); ;    ;    ;    ;MSH 04-012
068.927;+51.019;     122;122; ; ; ;A; ->;04 31 52.0; 4;  ;+50 55.0; 6;);    8.5; ;  1.5;); ;    ;    ;    ;
069.267;+29.684;     123;123; ; ;*;A;   ;04 33 55.0; 4;  ;+29 35.0; 2; ;  204.0; ; 32.0; ;<; 1.0;    ;    ;2C 404, W7
070.214; -2.221;     124;124; ; ; ;A;   ;04 38 20.0; 2;  ;-02 19.0;11;);    8.5; ;  2.0;); ;    ;    ;    ;
071.280;+37.541;     125;125; ; ; ;B;   ;04 41 45.0; 4; ^;+37 27.0; 4;);   12.5; ;  2.0;); ;    ;    ;    ;
071.385; +3.290;     126;126; ; ; ;B; <-;04 42 55.0; 3;  ;+03 12.0; 8;);   10.0; ;  2.0;); ;    ;    ;    ;MSH 04+010?
071.694;+44.839;     127;127; ; ; ;B; <-;04 43 10.0;10; v;+44 45.0; 7; ;   12.0; ;  2.0;); ;    ;    ;    ;
071.965;+50.522;     128;128; ; ; ;B;   ;04 44 01.0; 4;  ;+50 26.0; 6; ;   11.5; ;  2.5; ; ;    ;    ;    ;2C 414?
072.543;+45.069;     129;129; ; ; ;B;   ;04 46 33.0; 4;  ;+44 59.0; 4; ;   21.5; ;  3.5; ; ;    ;    ;    ;
073.187;+51.849;     130;130; ; ; ;B;<->;04 48 50.0; 3;  ;+51 46.0; 6;);    9.5; ;  2.0;); ;    ;    ;    ;
073.093;+29.249;     131;131; ; ; ;A;   ;04 49 13.0; 5; ^;+29 10.0; 4;);   16.0; ;  5.5; ; ;    ;    ;    ;
073.991;+22.912;     132;132; ; ;*;A;   ;04 52 57.0; 2;  ;+22 50.0; 6; ;   16.5; ;  2.5;); ;    ;    ;    ;
075.764;+25.404;     133;133; ; ;*;A;   ;04 59 59.0; 3;  ;+25 20.0; 3;);   23.0; ;  4.0; ;<; 4.0;    ;    ;2C 439 ^ ->
076.190;+38.118;     134;134; ; ;*;A;   ;05 01 21.0; 4;  ;+38 03.0; 8; ;   85.0; ; 11.0; ;<; 3.0;    ;    ;2C 440
078.388; +1.258;     135;135; ; ; ;A; ->;05 10 58.0; 3;  ;+01 12.0;12; ;   12.0; ;  3.0; ; ;    ;    ;    ;MSH 05+02, DWD
079.170;+51.455;     136;136; ; ; ;B;   ;05 12 45.0; 2;  ;+51 24.0; 6;);    8.0; ;  1.5; ; ;    ;    ;    ;DWD
080.185;+50.850;     137;137; ; ; ;A;   ;05 16 50.0; 3;  ;+50 48.0; 6;);    8.5; ;  1.5;); ;    ;    ;    ;2C 456 ^
080.055;+14.000;     138;138; ; ; ;A;   ;05 17 23.0; 3;  ;+13 57.0; 4; ;   19.5; ;  5.0; ; ;    ;    ;    ;
080.459;+22.715;     139;139;); ; ;A;   ;05 18 49.0; 8;  ;+22 40.0;10; ;   19.0; ;  6.0; ; ;    ;    ;    ;2C 463 <-
081.155; +8.961;     140;140; ; ; ;B;   ;05 21 53.0; 5;  ;+08 55.0; 8;);   10.0; ;  5.5; ; ;    ;    ;    ;2C 472
081.434;+32.743;     141;141; ; ; ;A;   ;05 22 28.0; 3;  ;+32 42.0; 8; ;   20.5; ;  6.0; ;<; 4.0;    ;    ;2C 470 v <-?
082.045;+12.857;     142;142;); ; ;B;   ;05 25 22.0; 6;  ;+12 49.0; 8;);    9.0; ;  2.0;); ;    ;    ;    ;
083.612;+36.533;     143;143; ; ; ;A; <-;05 31 04.0; 3;  ;+36 30.0; 5;);   11.5; ;  2.5; ; ;    ;    ;    ;
083.634;+22.019;     144;144; ; ; ; ;   ;05 31 31.5;  ;  ;+21 59.2;  ; ; 1500.0;W;     ; ; ;    ;    ;    ;Standard source: Crab nebula (NGC 1952)
083.815; -5.269;     145;145; ; ; ; ;   ;05 32 48.0;12;  ;-05 18.0; 4; ;   45.0; ;  4.0; ;>; 8.0;    ;    ;MSH 05-011, W10: Orion nebula (NGC 1976)
084.247; -2.887;     146;146; ; ; ;A;   ;05 34 29.0; 2; v;-02 55.0;11;);    9.5; ;  3.5; ; ;    ;    ;    ;
085.661;+49.873;     147;147; ; ;*;A;   ;05 38 46.0; 4;  ;+49 51.0; 6; ;   63.0; ; 12.0; ;<; 2.5;    ;    ;2C 485 <-
086.013;+51.022;     148;148; ; ; ; ;   ;05 40 07.0; 0;  ;+51 00.0;30; ;   11.0; ;  4.0; ; ;    ;    ;    ;
087.576;+28.697;     149;149; ; ; ;A;   ;05 47 08.0; 8;  ;+28 41.0; 7; ;   12.0; ;  2.0; ; ;    ;    ;    ;
089.576;+32.487;     150;150; ; ; ;A;   ;05 55 02.0; 4;  ;+32 29.0; 6;);    8.5; ;  1.5;); ;    ;    ;    ;
090.839;+42.181;     151;151; ; ; ;A;   ;05 59 47.0; 2;  ;+42 11.0; 6;);    8.0; ;  1.5;); ;    ;    ;    ;
091.349;+20.495;     152;152; ; ; ;A;   ;06 02 25.0; 5;  ;+20 30.0;12; ;   12.5; ;  2.5; ; ;    ;    ;    ;
092.396;+48.057;     153;153; ; ;*;A;   ;06 05 47.0; 5;  ;+48 04.0; 4;);   15.0; ;  2.5;); ;    ;    ;    ;2C 524
093.456;+26.052;     154;154; ; ;*;A;   ;06 10 43.0; 7;  ;+26 04.0; 4; ;   26.0; ;  5.0; ; ;    ;    ;    ;2C 531 v <-
094.376;+53.915;     155;155;); ; ;B;   ;06 13 25.0; 6;  ;+53 56.0;10; ;   12.5; ;  3.0; ; ;    ;    ;    ;
094.357;+22.797;     156;156; ; ; ;A;   ;06 14 24.0; 5;  ;+22 49.0; 5; ;   14.0; ;  2.5;); ;    ;    ;    ;2C 539 ->
094.407;+22.697;     157;157; ; ; ; ;   ;06 14 36.0;12;  ;+22 43.0; 2; ;  270.0; ; 40.0; ;>;30.0;    ;    ;2C 537, W14, IC443
095.421;+14.492;     158;158; ; ;*;A;   ;06 18 50.0; 5;  ;+14 31.0; 8; ;   21.5; ;  4.0; ; ;    ;    ;    ;
096.304;+40.238;     159;159; ; ;*;A;   ;06 21 43.0; 2;  ;+40 16.0; 5; ;   19.0; ;  3.5; ; ;    ;    ;    ;2C 548 ^ ->
096.369;+26.888;     160;160;); ; ;A;   ;06 22 21.0; 4;  ;+26 55.0; 6;);    8.5; ;  2.0;); ;    ;    ;    ;2C 546 ^ ?
096.783; -5.965;     161;161; ; ;*;A;   ;06 24 41.0; 3;  ;-05 56.0;10; ;   78.0; ; 30.0; ;<; 3.0;    ;    ;2C 553, MSH 06-04
097.862;+25.080;     162;162; ; ; ;A;   ;06 28 22.0; 4;  ;+25 07.0; 7; ;   10.5; ;  2.0;); ;    ;    ;    ;2C 559 <-
097.991; +5.163;     163;163; ; ; ; ;   ;06 29 18.0;12;  ;+05 12.0; 5; ;  450.0; ;150.0; ;~;60.0;    ;    ;MSH 06+08, W16, Rosette Nebula (NGC 2237)
098.051;+16.479;     164;164;); ; ;A;   ;06 29 19.0; 5;  ;+16 31.0; 7;);   11.0; ;  2.0;); ;    ;    ;    ;
100.797;+23.383;     165;165;); ; ;B;   ;06 40 09.0; 5;  ;+23 26.0;10; ;   12.5; ;  3.5; ; ;    ;    ;    ;
101.360;+21.280;     166;166; ; ;*;A;   ;06 42 27.0; 5;  ;+21 20.0; 4;);   16.0; ;  2.5;); ;    ;    ;    ;2C 579 ^
101.317; +5.547;     167;167; ; ; ;A;   ;06 42 36.0; 6;  ;+05 36.0;10;);    8.0; ;  2.5;); ;    ;    ;    ;MSH 06+011
102.010; -6.323;     168;168; ; ; ;B;   ;06 45 36.0; 5;  ;-06 16.0;12; ;    8.0; ;  2.5;); ;    ;    ;    ;MSH 06-010 ?
102.925;+69.208;     169;169; ; ; ; ;   ;06 46 16.0;10;  ;+69 16.0;15; ;    8.0; ;  3.0; ; ;    ;    ;    ;
103.238;+22.738;     170;170;); ; ;A;   ;06 49 56.0; 5;  ;+22 48.0;17; ;   10.0; ;  2.5; ; ;    ;    ;    ;
103.836;+54.069;     171;171; ;+;*;A;   ;06 51 17.0; 3;  ;+54 08.0; 5; ;   30.0; ;  8.0; ; ; 4.0; 2.0;    ;2C 590 <-
105.551;+25.294;     172;172; ; ; ;A;   ;06 59 08.0; 4;  ;+25 22.0;10; ;   17.0; ;  6.0; ; ;    ;    ;    ;2C 608
106.117;+40.158;     173;173; ; ; ;A;   ;07 01 00.0; 3;  ;+40 14.0; 5; ;   15.5; ;  4.0; ; ;    ;    ;    ;
106.940; -8.163;     174;174; ; ; ;A; ->;07 05 21.0; 4; v;-08 05.0;12;);   10.0; ;  2.5;); ;    ;    ;    ;
108.275;+11.831;     175;175; ; ;*;A;   ;07 10 19.0; 7;  ;+11 55.0; 4;);   23.5; ;  5.0; ;<; 3.0;    ;    ;2C 625 ?
109.951;+17.090;     176;176; ; ; ;A;   ;07 16 55.0; 3;  ;+17 11.0; 7;);    8.5; ;  2.0; ; ;    ;    ;    ;
111.150;+15.485;     177;177; ; ; ;A;<->;07 21 45.0; 5; v;+15 35.0;10; ;   12.5; ;  4.5; ; ;    ;    ;    ;
111.234; -9.599;     178;178; ; ; ;A;   ;07 22 33.0; 4; v;-09 30.0;12;);    9.5; ;  3.5; ; ;    ;    ;    ;MSH 07-04
112.022;+67.899;     179;179; ; ; ; ;   ;07 22 58.0; 5;  ;+68 00.0;10; ;   10.0; ;  3.0; ; ;    ;    ;    ;
111.773; -2.085;     180;180; ; ; ;A;   ;07 24 34.0; 4;  ;-01 59.0;10; ;   15.0; ;  3.0; ; ;    ;    ;    ;MSH 07-06
112.042;+14.647;     181;181; ; ; ;A;<->;07 25 20.0; 3; ^;+14 45.0; 9; ;   14.0; ;  5.0; ; ;    ;    ;    ;
112.601;+26.945;     182;182; ; ; ;A;   ;07 27 19.0; 3;  ;+27 03.0; 6; ;    9.0; ;  1.5;); ;    ;    ;    ;
113.522;+41.591;     183;183; ; ; ;A; ->;07 30 37.0; 4; ^;+41 42.0; 8; ;    8.5; ;  1.5; ; ;    ;    ;    ;
114.434;+70.221;     184;184; ; ; ; ;   ;07 32 20.0;20;  ;+70 20.0;10; ;   17.0; ;  5.0; ; ;    ;    ;    ;2C 679 ->
114.874; -1.816;     185;185; ; ; ;B; <-;07 36 58.0; 4;  ;-01 42.0;11;);    8.5; ;  2.0; ; ;    ;    ;    ;MSH 07-08 07-09 ?
116.103;+37.963;     186;186; ; ; ;A;   ;07 41 04.0; 6;  ;+38 05.0; 4; ;   14.0; ;  3.0; ; ;    ;    ;    ;2C 685
116.257; +1.778;     187;187; ; ; ;A;<->;07 42 26.0; 8; v;+01 54.0;10;);    9.0; ;  4.0; ; ;    ;    ;    ;2C 686, MSH 07+04
118.915; +1.817;     188;188; ; ; ;A; <-;07 53 04.0; 6; v;+01 57.0;15; ;   10.5; ;  2.5; ; ;    ;    ;    ;2C 706
119.220;+38.166;     189;189;); ; ;A;   ;07 53 33.0; 6; ^;+38 18.0; 6;);    8.0; ;  1.5;); ;    ;    ;    ;2C 712 v -> ?
120.419;+14.311;     190;190; ; ;*;B;   ;07 58 52.0; 3;  ;+14 27.0; 6;);   12.0; ;  2.0; ; ;    ;    ;    ;2C 714 <-
121.227;+10.424;     191;191; ; ;*;A;   ;08 02 10.0; 2;  ;+10 34.0; 8;);   11.0; ;  2.5;); ;    ;    ;    ;2C 718 <-, DWD
121.406;+24.123;     192;192; ; ; ;A;   ;08 02 38.0; 5;  ;+24 16.0; 8; ;   17.0; ;  4.0; ;<; 5.0;    ;    ;
121.565; -1.261;     193;193; ; ; ;A;   ;08 03 43.0; 2;  ;-01 07.0;10;);   10.0; ;  2.0;); ;    ;    ;    ;MSH 08-02?
122.444;+40.136;     194;194; ; ; ;B;   ;08 06 25.0; 6;  ;+40 17.0;12; ;   12.5; ;  2.0;); ;    ;    ;    ;
122.248;-10.397;     195;195; ; ; ;B;   ;08 06 36.0; 4;  ;-10 15.0;12; ;   21.0; ;  4.0; ; ;    ;    ;    ;MSH 08-14
123.415;+48.215;     196;196; ; ;*;A;   ;08 10 03.0; 3;  ;+48 22.0; 3; ;   66.0; ; 20.0; ;<; 5.0;    ;    ;2C 724
124.172;+20.262;     197;197;); ; ;A;   ;08 13 47.0; 6;  ;+20 25.0; 6;);    8.5; ;  2.0; ; ;    ;    ;    ;
125.652; +5.989;     198;198; ; ; ;A;   ;08 19 57.0; 4; v;+06 09.0; 6;);   16.0; ;  4.0; ; ;    ;    ;    ;2C 736 ^ ->, MSH 08+03
126.096;+42.804;     199;199; ; ; ;A; ->;08 20 59.0; 4;  ;+42 58.0; 5;);    8.5; ;  1.5;); ;    ;    ;    ;
127.062;+29.300;     200;200; ; ; ;B;<->;08 25 11.0; 3;  ;+29 28.0; 5;);   10.5; ;  2.0; ; ;    ;    ;    ;2C 741 ^ ?
128.563;+17.278;     201;201; ; ; ;A; <-;08 31 25.0; 3;  ;+17 27.0;12; ;    9.0; ;  1.5;); ;    ;    ;    ;2C 749 ^ ?
128.658;+16.977;     202;202; ; ; ; ;   ;08 31 48.0;12;  ;+17 09.0;10; ;   22.0; ;  4.0; ;>; 6.0;    ;    ;
128.721; -8.556;     203;203; ; ; ;A;   ;08 32 27.0; 6;  ;-08 23.0;12;);    8.5; ;  2.0;); ;    ;    ;    ;2C 753
129.361;+65.359;     204;204; ; ; ; ;   ;08 32 59.0; 5;  ;+65 32.0;10; ;    9.0; ;  3.0; ; ;    ;    ;    ;2C 747 <-
129.848;+57.657;     205;205; ; ; ; ;   ;08 35 28.0; 4;  ;+57 50.0; 5; ;   11.0; ;  2.0; ; ;    ;    ;    ;
130.163;-11.828;     206;206; ; ; ;A; ->;08 38 16.0; 6; ^;-11 39.0;12;);   13.0; ;  2.5; ; ;    ;    ;    ;
130.814;+15.903;     207;207; ; ; ;B;   ;08 40 27.0; 7;  ;+16 05.0; 6;);   10.0; ;  2.5; ; ;    ;    ;    ;
133.300;+13.927;     208;208; ; ;*;A;   ;08 50 26.0; 4;  ;+14 07.0; 9; ;   24.5; ;  4.5; ;<; 4.0;    ;    ;2C 778
133.807; -7.358;     209;209; ; ; ;A;   ;08 52 46.0; 2; ^;-07 10.0;12;);    8.5; ;  3.0; ; ;    ;    ;    ;
134.517;+27.773;     210;210;); ; ;A;   ;08 55 05.0; 5;  ;+27 58.0; 5;);   10.0; ;  2.0;); ;    ;    ;    ;
134.704;+36.306;     211;211; ; ; ;A;   ;08 55 40.0; 6;  ;+36 30.0; 5;);    9.5; ;  2.0;); ;    ;    ;    ;
134.691;+14.222;     212;212; ; ;*;B;   ;08 56 00.0; 5;  ;+14 25.0; 8; ;   21.5; ;  5.0; ; ;    ;    ;    ;2C 784 ^ -> ?
134.985;+15.804;     213;213; ; ; ;B;   ;08 57 09.0; 7; v;+16 00.0;10; ;   11.0; ;  2.0; ; ;    ;    ;    ;
136.132; +5.984;     214;214; ; ; ;A;   ;09 01 53.0; 2;  ;+06 11.0; 9;);    8.5; ;  2.0;); ;    ;    ;    ;2C 791 v <-
136.422;+14.016;     215;215; ; ;*;A;   ;09 02 56.0; 6; ^;+14 13.0; 5; ;   15.5; ;  4.5; ; ;    ;    ;    ;
137.414;+42.913;     216;216; ; ;*;A;   ;09 06 23.0; 3;  ;+43 07.0; 2; ;   23.5; ;  5.0; ; ;    ;    ;    ;
137.505;+37.863;     217;217; ; ; ;B;   ;09 06 52.0; 3;  ;+38 04.0; 6; ;   10.5; ;  2.0; ; ;    ;    ;    ;
139.527;-12.094;     218;218; ; ;*;A;   ;09 15 42.0; 3;  ;-11 53.0; 5; ;  210.0; ; 32.0; ; ; 2.3; 0.5;    ;2C 806, MSH 09-14, DWD
140.300;+45.654;     219;219; ; ;*;A;   ;09 17 54.0; 2;  ;+45 52.0; 2; ;   42.0; ;  9.0; ;<; 3.0;    ;    ;2C 805 <-, DWD
140.259;+26.387;     220;220; ; ; ;B; ->;09 18 07.0; 3; ^;+26 36.0; 5; ;   10.5; ;  4.0; ; ;    ;    ;    ;2C 810
143.787;+39.710;     221;221;); ; ;A;   ;09 32 02.0; 5;  ;+39 56.0; 6;);    8.0; ;  1.5;); ;    ;    ;    ;
144.158; +4.475;     222;222; ; ; ;A; ->;09 34 01.0; 5;  ;+04 42.0; 7;);   12.0; ;  2.5; ; ;    ;    ;    ;MSH 09+03
144.487;+33.724;     223;223; ; ; ;A;<->;09 34 57.0; 6;  ;+33 57.0; 4; ;   14.0; ;  5.0; ;<; 4.0;    ;    ;
145.448;-12.178;     224;224; ; ; ;A;   ;09 39 22.0; 5; ^;-11 57.0;10;);   14.5; ;  5.0; ; ;    ;    ;    ;2C 838, MSH 09-19
145.580;+13.838;     225;225; ; ;*;A;   ;09 39 36.0; 4;  ;+14 04.0; 3; ;   19.5; ;  3.5; ;<; 5.0;    ;    ;2C 840 ->
146.089; +9.853;     226;226; ; ; ;A;   ;09 41 41.0; 7;  ;+10 05.0; 7;);   11.0; ;  2.0;); ;    ;    ;    ;MSH 09+05
146.957; +7.384;     227;227; ; ; ;A;   ;09 45 11.0; 3;  ;+07 37.0; 4; ;   50.0; ; 20.0; ; ; 5.0; 2.0;    ;2C 843 <- ?, MSH 09+07, DWD
147.533;+14.266;     228;228; ; ; ;A;   ;09 47 25.0; 5;  ;+14 30.0; 7; ;   17.0; ;  3.0; ; ;    ;    ;    ;2C 843 ^ <- ?
147.795;+24.099;     229;229;); ; ;A;<->;09 48 21.0; 7;  ;+24 20.0; 7; ;   10.0; ;  2.0; ; ;    ;    ;    ;
148.003; -0.102;     230;230; ; ;*;A;   ;09 49 27.0; 3;  ;+00 08.0;14; ;   31.0; ;  8.0; ;<; 4.0;    ;    ;2C 847, MSH 09+08
148.874;+69.846;     231;231; ; ; ; ;   ;09 51 20.0; 5;  ;+70 05.0;15; ;   12.0; ;  3.0; ; ;    ;    ;    ;
149.361;+32.378;     232;232;); ; ;B;   ;09 54 31.0; 6;  ;+32 37.0; 5;);    8.5; ;  2.5; ; ;    ;    ;    ;
149.985;+29.977;     233;233;); ; ;B;   ;09 57 03.0; 5;  ;+30 13.0; 4;);   10.0; ;  2.0; ; ;    ;    ;    ;
150.451;+28.775;     234;234; ; ; ;A;   ;09 58 56.0; 7;  ;+29 01.0;10; ;   30.0; ;  8.0; ;<; 3.0;    ;    ;2C 855 <-, DWD: possibly comp1ex
151.678;+48.156;     235;235; ; ; ;B;   ;10 03 33.0; 3;  ;+48 24.0; 5;);    8.0; ;  1.5;); ;    ;    ;    ;
152.012;+37.005;     236;236; ; ; ;A; <-;10 05 05.0; 7;  ;+37 15.0; 6; ;   12.0; ;  2.5; ; ;    ;    ;    ;2C 872 ->
152.033; +7.538;     237;237; ; ;*;A;   ;10 05 30.0; 5;  ;+07 47.0; 6; ;   21.5; ;  4.5; ; ;    ;    ;    ;2C 866, MSH 10+01
152.506; +3.187;     238;238; ; ; ;A;   ;10 07 26.0; 2;  ;+03 26.0;10; ;   18.5; ;  9.0; ; ;    ;    ;    ;2C 876 v ->?,  MSH 10+02?
152.630;+44.304;     239;239; ; ; ;B;   ;10 07 27.0; 5; ^;+44 33.0;10; ;   15.0; ;  5.0; ; ;    ;    ;    ;
154.490;+29.883;     240;240;); ; ;A;<->;10 15 07.0; 5;  ;+30 08.0; 5;);    9.5; ;  2.0;); ;    ;    ;    ;
155.480;+21.931;     241;241; ; ;*;A;   ;10 19 10.0; 3;  ;+22 11.0; 5;);   13.0; ;  3.0; ; ;    ;    ;    ;2C 886 <- ?
156.345;+20.212;     242;242; ; ; ;B; ->;10 22 39.0; 3;  ;+20 28.0; 7; ;   11.5; ;  2.5; ; ;    ;    ;    ;
156.470; +6.512;     243;243; ; ; ;A; <-;10 23 16.0; 6;  ;+06 46.0; 7; ;   12.5; ;  4.5; ; ;    ;    ;    ;2C 895 ?, MSH 10+06
157.189;+48.211;     244;244; ; ; ;A;   ;10 25 42.0; 3;  ;+48 28.0; 4;);   12.0; ;  2.5; ; ;    ;    ;    ;
160.723;+12.104;     245;245; ; ; ;A;   ;10 40 15.0; 7;  ;+12 22.0; 6;);   12.0; ;  2.5; ; ;    ;    ;    ;2C 929 -> ?
163.056; -9.449;     246;246; ; ; ;A;   ;10 49 43.0; 6;  ;-09 11.0;12;);    8.5; ;  2.0;); ;    ;    ;    ;MSH 10-019?
164.516;+43.116;     247;247; ; ; ;A;   ;10 55 13.0; 4;  ;+43 23.0; 5;);    9.5; ;  2.0; ; ;    ;    ;    ;
165.287;+32.798;     248;248;); ; ;B;   ;10 58 24.0; 4;  ;+33 04.0; 6;);    8.5; ;  1.5;); ;    ;    ;    ;
165.543; -1.269;     249;249; ; ;*;A;   ;10 59 37.0; 6;  ;-01 00.0; 7;);   14.5; ;  3.5; ; ;    ;    ;    ;2C 951 ^ <-, MSH 10-021
167.220;+24.979;     250;250; ; ; ;A;   ;11 06 12.0; 4;  ;+25 15.0; 5; ;   14.0; ;  3.5; ; ;    ;    ;    ;
167.374;+38.612;     251;251;); ; ;B;<->;11 06 44.0; 6;  ;+38 53.0; 7; ;    9.0; ;  1.5;); ;    ;    ;    ;
167.693;+35.628;     252;252;); ; ;B;<->;11 08 02.0; 7; v;+35 54.0; 5; ;   15.0; ;  3.5; ; ;    ;    ;    ;
168.392; -2.572;     253;253; ; ; ;A;   ;11 11 01.0; 3;  ;-02 18.0;11; ;    8.0; ;  2.0; ; ;    ;    ;    ;2C 977 ->, MSH 11-05, DWD
168.668;+40.694;     254;254; ; ;*;B;   ;11 11 55.0; 5;  ;+40 58.0; 3;);   21.5; ;  3.5;); ;    ;    ;    ;DWD
169.781; -6.657;     255;255;); ; ;A;   ;11 16 35.0; 3; ^;-06 23.0; 8;);   15.0; ;  7.5; ; ;    ;    ;    ;MSH 11-08?
170.195;+23.409;     256;256; ; ; ;A;   ;11 18 08.0; 6;  ;+23 41.0; 8; ;   11.5; ;  2.0;); ;    ;    ;    ;2C 984 <-
170.824; +5.592;     257;257; ; ; ;A;   ;11 20 43.0; 5;  ;+05 52.0; 8;);   11.0; ;  2.5;); ;    ;    ;    ;MSH 11+05?
171.206;+19.375;     258;258;); ; ;A;   ;11 22 12.0; 9;  ;+19 39.0; 7;);   10.0; ;  2.0; ; ;    ;    ;    ;
171.796;+32.391;     259;259;); ; ;A;   ;11 24 31.0; 3;  ;+32 40.0; 5;);    9.5; ;  2.5; ; ;    ;    ;    ;2C 998 -> ?
173.543;+23.674;     260;260;); ; ;A;   ;11 31 33.0; 5; ^;+23 57.0; 6;);    9.5; ;  2.0;); ;    ;    ;    ;
173.730;+30.157;     261;261; ; ; ;A;   ;11 32 17.0; 5;  ;+30 26.0; 5;);   12.0; ;  3.0; ; ;    ;    ;    ;2C 1005 <- ?
174.639; -2.660;     262;262; ; ; ;A;   ;11 36 00.0; 2;  ;-02 23.0;15; ;   10.5; ;  3.0; ; ;    ;    ;    ;
174.929;+65.840;     263;263; ; ; ; ;   ;11 36 55.0; 5;  ;+66 07.0;10; ;   10.0; ;  2.0; ; ;    ;    ;    ;
176.289;+19.722;     264;264; ; ; ;A;   ;11 42 34.0; 6;  ;+20 00.0; 9; ;   37.0; ;  5.0; ; ; 4.0; 2.0;    ;DWD
176.377;+31.489;     265;265; ; ; ;A;   ;11 42 54.0; 6;  ;+31 46.0; 7; ;   30.0; ;  7.0; ; ;    ;    ;    ;2C 1012 <-, DWD
176.825;+51.772;     266;266;); ; ;A;   ;11 44 39.0; 4; v;+52 03.0; 4;);   14.0; ;  2.5;); ;    ;    ;    ;
177.311;+12.889;     267;267;); ; ;A; <-;11 46 40.0; 5;  ;+13 10.0; 7; ;   14.5; ;  2.5;); ;    ;    ;    ;
178.369;+50.972;     268;268;); ; ;B;   ;11 50 52.0; 4;  ;+51 15.0; 6; ;    8.5; ;  1.5;); ;    ;    ;    ;
184.291;+23.089;     269;269; ; ; ;A;   ;12 14 38.0; 5;  ;+23 22.0; 7; ;   14.0; ;  3.0; ; ;    ;    ;    ;
184.867; +5.972;     270;270;); ; ;B;   ;12 16 55.0; 4;  ;+06 15.0;15; ;   20.0; ;  7.0; ; ;    ;    ;    ;MSH 12+05, DWD
185.779;+16.123;     271;271;); ; ;A;   ;12 20 35.0; 3;  ;+16 24.0; 7; ;   11.5; ;  4.0; ; ;    ;    ;    ;
185.907;+42.340;     272;272; ; ; ;A;   ;12 21 10.0; 8;  ;+42 37.0; 5;);   10.5; ;  2.0;); ;    ;    ;    ;
187.323; +2.090;     273;273; ; ;*;B;   ;12 26 44.0; 4;  ;+02 22.0; 5; ;   79.0; ; 21.0; ;<; 2.0;    ;    ;MSH 12+08, W17
187.708;+12.392;     274;274; ; ; ; ;   ;12 28 18.0;  ;  ;+12 40.1;  ; ; 1100.0;W;     ; ; ;    ;    ;    ;Standard source: NGC4486(M87)
190.599; -4.924;     275;275; ; ; ;A;   ;12 39 49.0; 6;  ;-04 39.0; 7;);   18.0; ;  5.0; ; ;    ;    ;    ;
192.784;+45.278;     276;276; ; ; ;B;   ;12 48 49.0; 3;  ;+45 33.0; 5;);    8.0; ;  1.5;); ;    ;    ;    ;
193.223;+50.562;     277;277; ; ; ;B;   ;12 50 38.0; 5;  ;+50 50.0; 8; ;   12.0; ;  4.0; ; ;    ;    ;    ;
193.655;-12.688;     278;278; ; ; ; ;   ;12 52 00.0; 6;  ;-12 25.0; 6; ;   42.0; ; 10.0; ;<; 4.0;    ;    ;2C 1061, MSH 12-118, DWD
194.052; -5.954;     279;279; ; ; ;A;   ;12 53 37.0; 3;  ;-05 41.0; 7; ;   20.5; ;  5.0; ; ;    ;    ;    ;MSH 12-020
194.247;+47.313;     280;280; ; ; ;A;   ;12 54 43.0; 4;  ;+47 35.0;10; ;   25.0; ;  6.0; ;<; 5.0;    ;    ;2C 1066, DWD
196.973; +6.567;     281;281; ; ; ;A;   ;13 05 22.0; 8;  ;+06 50.0; 8; ;   14.0; ;  2.5; ; ;    ;    ;    ;2C 1082 ->, MSH 13+02
197.451;+65.901;     282;282; ; ; ; ;   ;13 07 59.0;10;  ;+66 10.0;15; ;    8.0; ;  2.0; ; ;    ;    ;    ;
197.975;-21.999;     283;283; ; ; ; ;   ;13 09 12.0;12;  ;-21 44.0;16; ;   36.0; ;  9.0; ;<; 3.0;    ;    ;2C 1084 <-
197.984;+27.518;     284;284;); ; ;A;   ;13 09 33.0; 6;  ;+27 47.0; 5;);   10.0; ;  3.5; ; ;    ;    ;    ;
200.597;+42.556;     285;285; ; ;*;A;   ;13 20 11.0; 2;  ;+42 49.0; 4;);   11.0; ;  2.0;); ;    ;    ;    ;
202.782;+30.409;     286;286; ; ;*;B;   ;13 28 49.0; 5;  ;+30 40.0; 6; ;   30.0; ;  7.0; ; ; 3.0; 1.0;    ;2C 1120 v
202.857;+25.143;     287;287; ; ;*;B;   ;13 29 04.0; 3;  ;+25 24.0; 6; ;   29.0; ;  7.0; ;<; 4.0;    ;    ;
204.706;+38.813;     288;288;); ; ;B; ->;13 36 38.0; 3;  ;+39 04.0; 4; ;   15.0; ;  5.5; ; ;    ;    ;    ;
206.732;+51.884;     289;289; ; ; ;B; ->;13 45 00.0; 4; v;+52 08.0; 4;);   12.0; ;  2.0;); ;    ;    ;    ;
207.206;+29.802;     290;290; ; ; ;B;<->;13 46 33.0; 5;  ;+30 03.0;10; ;    8.0; ;  2.5; ; ;    ;    ;    ;2C 1147 -> ?
207.425;+21.186;     291;291; ; ; ;A; <-;13 47 20.0; 3;  ;+21 26.0; 5;);   10.0; ;  2.0; ; ;    ;    ;    ;2C 1144 ^
207.573;+64.653;     292;292; ; ; ; ;   ;13 48 49.0; 5;  ;+64 54.0;10;);    9.0; ;  2.0; ; ;    ;    ;    ;2C 1148
208.066;+31.270;     293;293; ; ; ;B;   ;13 50 01.0; 6;  ;+31 31.0; 5; ;   12.5; ;  2.0;); ;    ;    ;    ;2C 1147 <-
211.687;+34.296;     294;294; ; ;*;A;   ;14 04 35.0; 4;  ;+34 32.0; 4;);   12.5; ;  3.0; ; ;    ;    ;    ;2C 1163 ^ ?
212.830;+52.199;     295;295; ;+;*;A;   ;14 09 32.0; 3;  ;+52 26.0; 5; ;   74.0; ; 15.0; ;<; 2.0;    ;    ;2C 1175
214.060;+11.135;     296;296; ; ; ;A;   ;14 13 48.0; 7;  ;+11 22.0; 7;);   10.0; ;  2.0;); ;    ;    ;    ;
214.527; -4.197;     297;297; ; ; ;B;   ;14 15 30.0; 4;  ;-03 58.0; 9; ;   14.5; ;  2.5;); ;    ;    ;    ;MSH 14-07 ?
214.789; +6.537;     298;298; ; ;*;A;   ;14 16 40.0; 8;  ;+06 46.0; 7; ;   61.0; ; 16.0; ;<; 2.0;    ;    ;2C 1185 ^, MSH 14+05
215.256;+41.672;     299;299; ; ;*;A;   ;14 19 02.0; 3;  ;+41 54.0; 4; ;   10.5; ;  2.0;); ;    ;    ;    ;2C 1188 <-
215.566;+17.189;     300;300; ; ; ;B;   ;14 19 54.0; 8;  ;+17 25.0; 6; ;   15.0; ;  4.0; ; ;    ;    ;    ;
218.609;+29.448;     301;301;); ; ;A;   ;14 32 16.0; 3;  ;+29 40.0;12; ;    9.5; ;  2.0;); ;    ;    ;    ;
219.342;+26.167;     302;302; ; ; ;A;   ;14 35 09.0; 3;  ;+26 23.0; 6;);    8.5; ;  2.0;); ;    ;    ;    ;2C 1216 ^ ->
220.419;+51.854;     303;303;); ; ;B;   ;14 40 02.0; 6; v;+52 04.0; 7;);    9.0; ;  3.0; ; ;    ;    ;    ;
222.217;+20.376;     304;304; ; ; ;A;   ;14 46 35.0; 5;  ;+20 35.0; 6; ;   11.0; ;  4.0; ; ;    ;    ;    ;2C 1234 ^
222.304;+63.344;     305;305; ; ; ; ;   ;14 48 09.0; 2;  ;+63 33.0;15; ;   15.0; ;  4.0; ; ;    ;    ;    ;
223.617;+16.398;     306;306; ; ; ;A;   ;14 52 08.0; 3;  ;+16 36.0; 7;);   10.0; ;  2.5; ; ;    ;    ;    ;2C 2246 <- : poss. extended
223.357;+69.497;     307;307; ; ; ; ;   ;14 52 55.0; 3;  ;+69 42.0;20; ;    9.0; ;  2.0; ; ;    ;    ;    ;
224.073;+49.899;     308;308; ; ; ;B; ->;14 54 39.0; 3;  ;+50 06.0; 6;);   10.0; ;  4.0; ; ;    ;    ;    ;
224.870;+14.235;     309;309; ; ; ;A;   ;14 57 07.0; 3;  ;+14 26.0; 7;);   11.5; ;  2.5; ; ;    ;    ;    ;
226.243;+26.040;     310;310; ; ;*;A;   ;15 02 48.0; 2;  ;+26 14.0; 5; ;   72.0; ; 13.0; ;<; 3.0;    ;    ;2C 1259, DWD
226.044;+59.923;     311;311;); ; ;A;<->;15 03 00.0; 6;  ;+60 07.0; 4;);   10.5; ;  2.0;); ;    ;    ;    ;
227.146;+12.193;     312;312; ; ; ;B;   ;15 06 12.0; 7;  ;+12 23.0; 9; ;    8.5; ;  2.0; ; ;    ;    ;    ;2C 1267 -> ?
227.570; +7.961;     313;313; ; ; ;B;<->;15 07 50.0; 6;  ;+08 09.0;15; ;   21.0; ;  4.5; ; ;    ;    ;    ;MSH 15+02
228.044;+45.363;     314;314; ; ; ;A;   ;15 10 27.0; 3;  ;+45 33.0; 5;);    8.5; ;  1.5;); ;    ;    ;    ;
228.422;+26.131;     315;315; ; ;*;A;   ;15 11 32.0; 4;  ;+26 19.0; 7; ;   26.0; ;  8.0; ;<; 4.0;    ;    ;2C 1273, DWD
229.029;+18.400;     316;316;); ; ;B; <-;15 13 50.0; 6;  ;+18 35.0; 8;);    8.5; ;  2.0;); ;    ;    ;    ;
229.194; +7.000;     317;317; ; ;*;A;   ;15 14 19.0; 5;  ;+07 11.0; 4; ;   55.0; ; 14.0; ;<; 2.0;    ;    ;2C 1281 ->, MSH 15+05, DWD
230.028;+20.287;     318;318; ; ; ;A;   ;15 17 52.0; 6;  ;+20 28.0; 5;);   14.5; ;  3.0; ; ;    ;    ;    ;2C 1282 ^
231.037;+54.474;     319;319; ;+; ;B;   ;15 22 48.0; 6;  ;+54 39.0; 4; ;   16.5; ;  2.5;); ;    ;    ;    ;2C 1292
232.885;+35.714;     320;320; ; ; ;B;   ;15 29 37.0; 5;  ;+35 53.0; 6;);    8.0; ;  1.5;); ;    ;    ;    ;
232.962;+24.131;     321;321; ; ;*;A;   ;15 29 41.0; 6;  ;+24 18.0;10; ;   15.0; ;  2.5;);<; 5.0;    ;    ;
233.032;+53.815;     322;322; ; ; ;A;   ;15 30 47.0; 3;  ;+53 59.0; 4;);   11.5; ;  2.0;); ;    ;    ;    ;
235.478;+60.142;     323;323; ; ; ; ;   ;15 40 57.0; 5;  ;+60 18.0;10; ;    9.0; ;  2.0; ; ;    ;    ;    ;2C 1327 ^ -> ?
237.440;+21.399;     324;324; ; ; ;A;   ;15 47 34.0; 5;  ;+21 33.0; 7; ;   18.0; ;  5.0; ; ;    ;    ;    ;
237.469;+62.683;     325;325; ;+; ;A;   ;15 49 08.0; 5;  ;+62 50.0; 4; ;   15.0; ;  5.0; ; ;    ;    ;    ;
237.920;+17.634;     326;326; ; ; ;A;<->;15 49 25.0; 4; ^;+17 47.0; 6;);   12.5; ;  2.5;); ;    ;    ;    ;2C 1324 ?
240.636; +1.945;     327;327; ; ;*;A;   ;16 00 01.0; 4;  ;+02 05.0; 8; ;   34.0; ;  8.0; ; ;    ;    ;    ;2C 1359 ->, MSH 16+01, DWD
240.821;+30.013;     328;328; ; ; ;A;   ;16 01 17.0; 6;  ;+30 09.0; 7; ;    8.0; ;  2.0;); ;    ;    ;    ;
242.526;+32.987;     329;329; ; ;*;A;   ;16 08 11.0; 3;  ;+33 07.0; 5; ;   11.0; ;  2.5; ; ;    ;    ;    ;2C 1371
242.330;+66.037;     330;330; ; ; ; ;   ;16 08 59.0; 5;  ;+66 10.0; 6; ;   24.0; ;  4.0; ; ;    ;    ;    ;
243.083;+22.556;     331;331; ; ; ;A;   ;16 10 11.0; 6;  ;+22 41.0; 9; ;   10.5; ;  3.0; ; ;    ;    ;    ;2C 1369 ^ <-
244.179;+30.028;     332;332; ; ;*;A;   ;16 14 44.0; 4;  ;+30 09.0; 6; ;   16.0; ;  2.5;);<; 4.0;    ;    ;
244.315;+21.062;     333;333;); ; ;A;   ;16 15 05.0; 4;  ;+21 11.0; 4;);   14.0; ;  2.5;); ;    ;    ;    ;2C 1387 v ?
247.588;+17.626;     334;334; ; ; ;A;   ;16 28 07.0; 4;  ;+17 44.0; 8; ;   16.0; ;  3.5; ; ;    ;    ;    ;
245.146;+13.632;     335;335;); ; ;B;   ;16 18 16.0; 4;  ;+13 45.0;11; ;   10.5; ;  5.0; ; ;    ;    ;    ;
245.962;+23.685;     336;336;); ; ;A;   ;16 21 44.0; 7;  ;+23 48.0; 5; ;   13.5; ;  2.5;); ;    ;    ;    ;
246.692;+44.222;     337;337; ; ; ;B;   ;16 25 12.0; 2;  ;+44 20.0; 5;);    8.5; ;  1.5;); ;    ;    ;    ;
247.154;+39.524;     338;338; ; ;*;A;   ;16 26 54.0; 5;  ;+39 38.0; 3; ;   49.0; ; 10.0; ;<; 3.0;    ;    ;2C 1402, DWD
247.365;+14.608;     339;339; ; ; ;A;   ;16 27 10.0; 3;  ;+14 43.0; 4; ;   14.5; ;  2.5; ; ;    ;    ;    ;2C 1405 ?
247.454;+23.559;     340;340;); ; ;A;   ;16 27 42.0; 5;  ;+23 40.0; 7;);    9.5; ;  2.0;); ;    ;    ;    ;
247.663;+30.043;     341;341;); ; ;A;   ;16 28 41.0; 5;  ;+30 09.0;11; ;    8.5; ;  3.5; ; ;    ;    ;    ;
249.143;+26.783;     342;342; ; ;*;A;   ;16 34 32.0; 3;  ;+26 53.0; 7; ;   10.5; ;  2.0;); ;    ;    ;    ;
249.052;+62.750;     343;343;); ; ; ;   ;16 35 40.0; 5;  ;+62 51.0;10; ;   18.0; ;  3.0; ; ;    ;    ;    ;Possibly complex.
250.752;+37.374;     344;344; ; ; ;B;   ;16 41 15.0; 7;  ;+37 28.0;10; ;    8.5; ;  1.5;); ;    ;    ;    ;2C 1419 ?
250.807;+40.091;     345;345; ; ; ;B;   ;16 41 33.0; 5;  ;+40 11.0; 5;);    9.0; ;  1.5;); ;    ;    ;    ;
250.959;+17.308;     346;346; ; ;*;A;   ;16 41 36.0; 2;  ;+17 24.0; 5;);   15.5; ;  3.0;); ;    ;    ;    ;
251.362;+13.176;     347;347; ; ;*;A;   ;16 43 08.0; 7;  ;+13 16.0; 5;);   16.0; ;  3.0;); ;    ;    ;    ;DWD
252.796; +5.083;     348;348; ; ;*;A;   ;16 48 43.0; 5;  ;+05 10.0;10; ;  300.0; ; 50.0; ; ; 2.3; 0.5;    ;2C 1432, MSH 16+010 W20, DWD
254.893;+47.060;     349;349; ; ;*;A;   ;16 58 10.0; 4;  ;+47 08.0; 6; ;   13.5; ;  2.0;); ;    ;    ;    ;
255.572;+36.846;     350;350;); ; ;A;   ;17 00 32.0; 6; ^;+36 55.0; 5; ;    9.0; ;  2.5; ; ;    ;    ;    ;
256.170;+60.733;     351;351; ;+; ;A;   ;17 04 03.0; 6;  ;+60 48.0; 5; ;   15.0; ;  3.0; ; ;    ;    ;    ;2C 1445 ^
257.672;+45.973;     352;352; ; ; ;B;   ;17 09 15.0; 4;  ;+46 02.0; 4;);   12.0; ;  2.0;); ;    ;    ;    ;
260.137; -0.916;     353;353; ; ;*;A;   ;17 17 58.0; 3;  ;-00 52.0; 6; ;  180.0; ; 40.0; ; ; 3.5; 0.5;    ;2C 1473, MSH 17-06, W21, DWD
260.298;+19.352;     354;354;); ; ;A;   ;17 19 01.0; 7;  ;+19 24.0;10; ;   12.0; ;  3.0; ; ;    ;    ;    ;Possibly complex.
261.053;+38.239;     355;355; ; ; ;B;   ;17 22 31.0; 5; v;+38 17.0; 5;);    9.0; ;  1.5;); ;    ;    ;    ;
261.136;+51.173;     356;356; ; ; ;A; <-;17 23 21.0; 4;  ;+51 13.0; 5; ;   14.0; ;  3.5; ; ;    ;    ;    ;
262.111;+31.794;     357;357;); ; ;A;   ;17 26 34.0; 8;  ;+31 50.0; 6;);    9.0; ;  2.0;); ;    ;    ;    ;2C 1480 ^
262.694;-21.304;     358;358; ; ; ; ;   ;17 27 47.0; 5;  ;-21 16.0;10; ;   58.0; ; 12.0; ;<; 1.5;    ;    ;2C 1485 <-: Kepler's S.N.
262.995;+20.615;     359;359; ; ; ;B;   ;17 29 50.0; 4;  ;+20 39.0; 7; ;   12.0; ;  5.5; ; ;    ;    ;    ;
264.028; -8.464;     360;360; ; ; ;A; <-;17 33 23.0; 5;  ;-08 26.0;11;);   14.5; ;  3.5; ; ;    ;    ;    ;2C 1494
263.920;+40.620;     361;361; ; ; ;B;   ;17 34 04.0; 3;  ;+40 39.0; 5;);   10.0; ;  2.0;); ;    ;    ;    ;
266.822;+18.683;     362;362; ; ; ;A;   ;17 45 06.0; 5;  ;+18 42.0; 7;);   11.5; ;  2.5;); ;    ;    ;    ;
267.024;+59.669;     363;363; ; ; ; ;   ;17 47 26.0; 3;  ;+59 41.0; 5; ;   11.0; ;  2.0; ; ;    ;    ;    ;
268.931;+37.560;     364;364; ; ;*;A;   ;17 54 01.0; 5;  ;+37 34.0; 5;);   10.5; ;  2.0;); ;    ;    ;    ;
269.592;+10.747;     365;365;); ; ;A;   ;17 56 01.0; 5;v^;+10 45.0; 5; ;   15.5; ;  5.5; ; ;    ;    ;    ;
269.492;+55.097;     366;366;);+; ;A; ->;17 57 00.0; 3; v;+55 06.0; 5;);    9.0; ;  2.0; ; ;    ;    ;    ;
270.593;+50.652;     367;367; ; ; ;A;   ;18 01 10.0; 3;  ;+50 39.0; 6;);    8.0; ;  1.5;); ;    ;    ;    ;
271.262;+10.955;     368;368; ; ; ;A;   ;18 02 42.0; 5;  ;+10 57.0; 6;);   13.5; ;  2.5;); ;    ;    ;    ;2C 1532 ^
271.919;+25.775;     369;369; ; ; ;A;   ;18 05 39.0; 2;  ;+25 46.0; 5;);   13.0; ;  2.5; ; ;    ;    ;    ;
272.159;+32.493;     370;370;); ; ;B;   ;18 06 47.0; 5;  ;+32 29.0; 6;);    9.0; ;  2.0;); ;    ;    ;    ;
271.646;+69.925;     371;371; ; ; ; ;   ;18 07 04.0; 2;  ;+69 55.0;20; ;    9.0; ;  3.0; ; ;    ;    ;    ;
273.028;+42.947;     372;372; ; ;*;A;   ;18 10 35.0; 4;  ;+42 56.0; 6; ;    9.0; ;  1.5;); ;    ;    ;    ;
274.038;+31.368;     373;373; ; ; ;A;   ;18 14 16.0; 5;  ;+31 21.0; 5; ;   11.0; ;  2.5; ; ;    ;    ;    ;2C 1547
275.480;+26.125;     374;374; ; ; ;A;   ;18 19 54.0; 7;  ;+26 06.0; 7;);    9.0; ;  2.5; ; ;    ;    ;    ;
275.557;+15.176;     375;375; ; ; ;A;   ;18 19 58.0; 5;  ;+15 09.0; 7;);   11.0; ;  2.5;); ;    ;    ;    ;2C 1560 ->
275.722; -2.140;     376;376; ; ;*;A;   ;18 20 17.0; 5;  ;-02 10.0;10;);   12.0; ;  2.5;); ;    ;    ;    ;MSH 18-06
275.750;+36.327;     377;377;); ; ;B;   ;18 21 15.0; 5; v;+36 18.0; 5; ;   14.5; ;  2.5; ; ;    ;    ;    ;
276.115;+57.713;     378;378; ;+; ;A;   ;18 23 39.0; 4;  ;+57 41.0; 5;);    9.5; ;  1.5; ; ;    ;    ;    ;2C 1572 v ->
276.588;+23.314;     379;379;); ; ;A;   ;18 24 16.0; 5;  ;+23 17.0; 7;);    8.5; ;  2.0;); ;    ;    ;    ;
277.376;+48.752;     380;380; ; ;*;A;   ;18 28 12.0; 3;  ;+48 43.0; 3; ;   70.0; ; 10.0; ;<; 3.0;    ;    ;2C 1569
278.458;+47.440;     381;381; ; ; ;A;   ;18 32 28.0; 2;  ;+47 24.0; 4;);   14.5; ;  3.5; ; ;    ;    ;    ;2C 1579 ->
278.779;+30.425;     382;382; ; ; ;B;   ;18 33 12.0; 4;  ;+30 23.0; 4; ;   18.0; ;  5.0; ; ;    ;    ;    ;possible source in intervening declination lobe, DWD
278.436;+65.374;     383;383; ; ; ; ;   ;18 33 35.0; 3;  ;+65 20.0;20; ;    8.0; ;  3.0; ; ;    ;    ;    ;2C 1574 ?
279.000;+34.809;     384;384; ; ; ;B;   ;18 34 12.0; 6;  ;+34 46.0; 5;);   13.0; ;  2.5;); ;    ;    ;    ;possible source in intervening declination lobe
279.491; -6.972;     385;385; ; ; ;B; <-;18 35 16.0; 5;  ;-07 01.0;11;);    7.0; ;  3.5;); ;    ;    ;    ;W42 ?: possibly extended.
279.610;+17.228;     386;386; ; ;*;A;   ;18 36 13.0; 4;  ;+17 11.0; 8; ;   27.0; ;  6.0; ; ;    ;    ;    ;2C 1576 <- ?, DWD
280.133; -5.269;     387;387; ; ; ;B;   ;18 37 52.0; 3; ^;-05 19.0;10;);   22.0; ;  5.0; ; ;    ;    ;    ;Possibly extended.
281.016;+45.586;     388;388; ; ;*;A;   ;18 42 37.0; 3;  ;+45 32.0; 3; ;   22.5; ;  3.5; ; ;    ;    ;    ;
281.390; -3.330;     389;389; ; ; ;B;   ;18 42 56.0; 5; v;-03 23.0;12; ;   17.0; ;  6.0; ; ;    ;    ;    ;
281.393; +9.870;     390;390; ; ;*;A;   ;18 43 12.0; 3;  ;+09 49.0; 4; ;   22.5; ;  4.5; ; ;    ;    ;    ;2C 1590, MSH 18+08
282.341; -0.925;     391;391; ; ;*;A;   ;18 46 47.0; 5;  ;-00 59.0; 6;);   27.0; ;  6.0; ; ;    ;    ;    ;2C 1595 ?, MSH 18-012
284.031; +1.316;     392;392; ; ;*;A;   ;18 53 35.0; 5;  ;+01 15.0; 7; ;  680.0; ;120.0; ;<;45.0;    ;>12';2C 1607, MSH 18+011, W44
284.231;+53.134;     393;393; ;+; ;A;   ;18 55 48.0; 7;  ;+53 04.0; 5;);   10.0; ;  2.0; ; ;    ;    ;    ;
284.837;+13.003;     394;394;); ; ;A; <-;18 57 02.0; 6;  ;+12 56.0; 7; ;   18.5; ;  3.5; ; ;    ;    ;    ;
285.539;+32.173;     395;395;); ; ;A; ->;19 00 16.0; 5;  ;+32 06.0;10; ;    8.0; ;  2.0;); ;    ;    ;    ;
286.040; +5.592;     396;396; ; ; ;B;   ;19 01 42.0; 5;  ;+05 31.0; 6;);   24.5; ;  7.0; ; ;    ;    ;    ;
286.882; +7.196;     397;397; ; ; ;B;   ;19 05 06.0; 8;  ;+07 07.0; 4; ;   29.0; ;  9.0; ; ;    ;    ;    ;2C 1623 ?: possibly extended.
287.785; +9.234;     398;398; ; ;*;A;   ;19 08 45.0; 4;  ;+09 09.0; 3; ;   43.0; ;  7.0; ; ;    ;    ;    ;2C 1630, W49
291.917;+53.470;     399;399; ; ; ;A;   ;19 26 30.0; 6;  ;+53 22.0; 9; ;    8.0; ;  2.0;); ;    ;    ;    ;
291.094;+13.816;     400;400; ; ;*;A;<->;19 22 04.0; 5;  ;+13 43.0; 6; ;   25.0; ;  4.0; ; ;    ;    ;    ;W51 ?:  possibly extended.
295.096;+60.701;     401;401; ;+;*;A;   ;19 39 37.0; 4;  ;+60 35.0; 3; ;   22.0; ;  3.0; ; ;    ;    ;    ;
295.430;+50.652;     402;402;); ; ;A;   ;19 40 23.0; 7;  ;+50 32.0; 8; ;   15.0; ;  3.0; ; ;    ;    ;    ;
298.051; +2.513;     403;403; ; ;*;A;   ;19 49 41.0; 6;  ;+02 23.0; 5; ;   23.0; ;  6.0; ;<; 5.0;    ;    ;2C 1668 ->, MSH 19+010
298.860; -7.350;     404;404; ; ; ;A; <-;19 52 45.0; 5;  ;-07 29.0;10;);   14.0; ;  2.5;); ;    ;    ;    ;
299.868;+40.721;     405;405; ; ; ; ;   ;19 57 44.5;  ;  ;+40 35.0;  ; ; 8600.0;W;     ; ; ;    ;    ;    ;Standard Source: Cygnus A.
300.718; +0.474;     406;406; ; ; ;A;   ;20 00 19.0; 4;  ;+00 20.0; 9;);    9.5; ;  2.0;); ;    ;    ;    ;2C 1674 ?
302.096; -4.287;     407;407; ; ; ;A;   ;20 05 45.0; 5;  ;-04 26.0;10;);   11.5; ;  3.0; ; ;    ;    ;    ;2C 1680 ?, MSH 20-01
302.309;+51.798;     408;408; ; ; ; ;   ;20 07 52.0; 5;  ;+51 39.0;20; ;    8.0; ;  2.0; ; ;    ;    ;    ;
303.610;+23.586;     409;409; ; ;*;A;   ;20 12 17.0; 2;  ;+23 26.0; 5; ;  102.0; ; 20.0; ;<; 2.0;    ;    ;2C 1686 ->
305.044;+29.676;     410;410; ; ;*;B;   ;20 18 08.0; 7;  ;+29 31.0; 8; ;   36.0; ;  7.0; ;<; 5.0;    ;    ;
305.546;+10.144;     411;411; ; ; ;A;   ;20 19 47.0; 5;  ;+09 59.0; 8;);   16.0; ;  4.0; ; ;    ;    ;    ;2C 1689 <-
305.542;+69.628;     412;412; ; ; ; ;   ;20 22 02.0;10;  ;+69 28.0;15; ;    8.0; ;  2.0; ; ;    ;    ;    ;
307.782; -7.247;     413;413; ; ; ;A;   ;20 28 27.0; 8;  ;-07 25.0;13;);    8.5; ;  2.0;); ;    ;    ;    ;2C 1701 <- ?
308.001;+25.854;     414;414;); ; ;A;   ;20 29 52.0; 4;  ;+25 41.0; 7;);   10.0; ;  2.0;); ;    ;    ;    ;
308.136;+19.121;     415;415;); ; ;A;   ;20 30 17.0; 3;  ;+18 57.0; 7;);    9.5; ;  2.0;); ;    ;    ;    ;
308.655;+53.123;     416;416; ; ; ; ;   ;20 33 13.0; 5;  ;+52 57.0;10; ;    9.0; ;  3.0; ; ;    ;    ;    ;
309.448;+34.343;     417;417;); ; ;A;   ;20 35 49.0; 6;  ;+34 10.0; 5; ;   15.5; ;  4.5; ; ;    ;    ;    ;
309.653;+51.294;     418;418; ; ; ;A;   ;20 37 07.0; 3;  ;+51 07.0;10; ;   16.0; ;  3.0;); ;    ;    ;    ;DWD
310.168;+24.595;     419;419;); ; ;A;   ;20 38 30.0; 5;  ;+24 25.0; 7; ;   10.5; ;  2.5; ; ;    ;    ;    ;
310.823;+50.515;     420;420;); ; ;A;   ;20 41 45.0; 5;  ;+50 20.0;15; ;    8.0; ;  2.0;); ;    ;    ;    ;2C 1725 ?, DWD : possibly extended.
311.425;+40.533;     421;421;); ; ;A;   ;20 43 51.0; 7;  ;+40 21.0; 9; ;   13.5; ;  3.0; ; ;    ;    ;    ;W77 ?
311.804; -2.332;     422;422; ; ; ;A;   ;20 44 37.0; 4;  ;-02 31.0;10;);    9.5; ;  2.5; ; ;    ;    ;    ;2C 1731 ->, MSH 20-09
311.720;+46.701;     423;423;); ; ;A;   ;20 45 12.0;10;  ;+46 31.0; 7;);    8.0; ;  2.0;); ;    ;    ;    ;
312.045; +7.019;     424;424; ; ; ;A;   ;20 45 43.0; 4; v;+06 50.0; 6;);   16.0; ;  4.0; ; ;    ;    ;    ;MSH 20+010
304.222;+43.589;     425;425; ; ; ;A; <-;20 15 12.0; 7;  ;+43 26.0; 7;);    8.0; ;  2.0;); ;    ;    ;    ;
315.236;+26.180;     426;426;); ; ;A;   ;20 58 46.0; 4;  ;+25 59.0; 7; ;    9.5; ;  2.0;); ;    ;    ;    ;
316.837;+21.402;     427;427; ; ; ;A;   ;21 05 05.0; 5;  ;+21 12.0;12; ;   12.0; ;  2.5; ; ;    ;    ;    ;
317.042;+47.536;     428;428; ; ; ;A; ->;21 06 26.0; 4; ^;+47 20.0; 8; ;   19.5; ;  4.5; ; ;    ;    ;    ;
318.525;+62.491;     429;429; ; ; ; ;   ;21 12 57.0; 5;  ;+62 17.0;10; ;   11.0; ;  2.0; ; ;    ;    ;    ;
319.556;+60.795;     430;430; ;+;*;A;   ;21 16 57.0; 5;  ;+60 35.0; 3; ;  100.0; ; 40.0; ; ; 6.0; 2.0;    ;2C 1765 ^, DWD
319.725;+49.578;     431;431; ; ;*;A;   ;21 17 11.0; 4;  ;+49 22.0; 4; ;   31.0; ;  6.0; ; ;    ;    ;    ;2C 1770 ^ ->
320.711;+17.281;     432;432; ; ;*;B;   ;21 20 30.0; 2;  ;+17 04.0; 5;);   13.5; ;  2.5;); ;    ;    ;    ;
320.938;+25.015;     433;433; ; ;*;A;   ;21 21 31.0; 4;  ;+24 48.0; 7; ;   62.0; ; 10.0; ;<; 2.0;    ;    ;2C 1775 ^, DWD
321.224;+16.033;     434;434; ; ; ;B;   ;21 22 32.0; 5;  ;+15 49.0;12; ;   10.5; ;  4.0; ; ;    ;    ;    ;2C 1778 ?
322.280; +7.669;     435;435; ; ;*;A;   ;21 26 39.0; 5;  ;+07 27.0;10; ;   12.5; ;  3.0; ; ;    ;    ;    ;2C 1783 <-, MSH 21+04
326.041;+28.063;     436;436; ; ;*;A;   ;21 41 56.0; 4;  ;+27 50.0; 8; ;   21.0; ;  3.5; ;<; 5.0;    ;    ;2C 1810 v
326.849;+15.282;     437;437; ; ; ;A;   ;21 45 00.0; 3;  ;+15 03.0; 5; ;   16.0; ;  5.0; ; ;    ;    ;    ;
328.979;+37.938;     438;438; ; ;*;A;   ;21 53 48.0; 6;  ;+37 42.0; 8; ;   43.0; ;  7.0; ;<; 3.0;    ;    ;2C 1820
329.803;+50.607;     439;439; ; ; ;A; <-;21 57 20.0; 5; v;+50 22.0;10; ;    8.0; ;  2.0;); ;    ;    ;    ;2C 1823 ? : possibly extended.
331.171;+62.443;     440;440; ; ; ; ;   ;22 03 09.0; 5;  ;+62 12.0;10; ;   11.0; ;  3.0; ; ;    ;    ;    ;
331.741;+29.461;     441;441; ; ;*;A;   ;22 04 42.0; 5;  ;+29 13.0; 5; ;   12.5; ;  2.5; ; ;    ;    ;    ;
333.241;+11.081;     442;442; ; ; ;A;   ;22 10 30.0; 4;  ;+10 50.0; 6; ;   33.0; ;  6.0; ;>; 6.0;    ;    ;DWD
333.474;+26.565;     443;443; ; ; ;A; <-;22 11 35.0; 6;  ;+26 19.0; 6;);    8.0; ;  2.0;); ;    ;    ;    ;
333.630;-17.201;     444;444; ; ; ; ;   ;22 11 48.0; 6;  ;-17 27.0; 6; ;   49.0; ; 10.0; ;<; 2.0;    ;    ;2C 1843, MSH 22-17
335.774; -2.047;     445;445;); ; ;A; <-;22 20 31.0; 5; v;-02 18.0; 5;);   20.5; ;  6.0; ; ;    ;    ;    ;MSH 22-09: data incomplete
336.418; -5.145;     446;446; ; ;*;A;   ;22 23 04.0; 5;  ;-05 24.0; 8; ;   33.0; ; 10.0; ; ; 4.0; 2.0;    ;2C 1859 ?, MSH 22-010
336.661;+39.588;     447;447;); ; ;B;<->;22 24 27.0; 6;  ;+39 20.0; 7; ;    9.0; ;  1.5; ; ;    ;    ;    ;2C 1856
337.590;+44.557;     448;448; ; ; ;B;   ;22 28 13.0; 3;  ;+44 18.0; 5;);    9.5; ;  2.0;); ;    ;    ;    ;
337.842;+39.207;     449;449; ; ; ;A; <-;22 29 09.0; 6;  ;+38 57.0; 7; ;   11.5; ;  2.0;); ;    ;    ;    ;2C 1861 ->
340.487;+41.629;     450;450;); ; ;A;   ;22 39 43.0;10;  ;+41 22.0; 6;);    8.0; ;  1.5;); ;    ;    ;    ;
340.781;+16.012;     451;451; ; ; ;A;   ;22 40 40.0; 7;  ;+15 45.0; 7;);    9.0; ;  2.0;); ;    ;    ;    ;
341.442;+39.613;     452;452; ; ;*;A;   ;22 43 30.0; 5;  ;+39 21.0; 3; ;   50.0; ; 10.0; ; ; 3.0; 1.0;    ;2C 1870
341.671;+17.430;     453;453; ; ; ;A;   ;22 44 14.0; 5;  ;+17 10.0; 8; ;   10.0; ;  2.0; ; ;    ;    ;    ;2C 1871 ?
342.475;+16.098;     454;454; ; ; ;A;   ;22 47 26.0; 9;  ;+15 50.0;10; ;   11.5; ;  4.5; ; ;    ;    ;    ;
343.985;+13.467;     455;455;); ; ;A;   ;22 53 27.0; 5;  ;+13 12.0; 5;);   15.0; ;  2.5;); ;    ;    ;    ;
347.960; +9.372;     456;456; ; ; ;B;   ;23 09 19.0; 5;  ;+09 06.0; 8;);   10.0; ;  2.0;); ;    ;    ;    ;MSH 23+03, DWD
348.021;+18.689;     457;457; ; ;*;A;   ;23 09 36.0; 2;  ;+18 25.0; 5; ;   12.5; ;  2.0;); ;    ;    ;    ;2C 1881 v ->
348.039; +5.422;     458;458;); ; ;B;   ;23 09 37.0; 5;  ;+05 09.0;14; ;   12.5; ;  3.5; ; ;    ;    ;    ;2C 1877, MSH 23+04
349.158; +4.190;     459;459; ; ;*;A;   ;23 14 05.0; 3;  ;+03 55.0; 5; ;   25.0; ;  5.0; ;<; 4.0;    ;    ;2C 1883, MSH 23+05
350.182;+23.891;     460;460; ; ; ;A;   ;23 18 15.0; 5;  ;+23 37.0; 5;);   13.0; ;  2.5;); ;    ;    ;    ;
350.866;+58.810;     461;461; ; ; ; ;   ;23 21 12.0;  ;  ;+58 32.1;  ; ;13000.0;W;     ; ; ;    ;    ;    ;Standard source Cassiopeia A
351.492;+40.708;     462;462; ; ; ;A;   ;23 23 33.0; 2;  ;+40 26.0; 5;);   10.0; ;  2.0;); ;    ;    ;    ;
351.995;+27.109;     463;463;); ; ;A;   ;23 25 30.0; 6;  ;+26 50.0; 6; ;   14.0; ;  4.0; ; ;    ;    ;    ;2C 1892 <- ?
354.121;+21.160;     464;464; ; ; ;B; ->;23 33 58.0; 5;  ;+20 53.0; 7; ;    8.0; ;  1.5;); ;    ;    ;    ;
354.614;+26.910;     465;465; ; ;*;A;   ;23 35 57.0; 4;  ;+26 38.0; 5; ;   50.0; ; 20.0; ; ; 6.0; 2.0;    ;2C 1906, DWD
355.302;+22.277;     466;466; ; ; ;B;   ;23 38 41.0; 3;  ;+22 00.0; 8; ;    9.0; ;  2.0; ; ;    ;    ;    ;
357.135;+18.895;     467;467; ; ; ;A;   ;23 46 00.0; 4;  ;+18 37.0; 8;);    8.0; ;  1.5;); ;    ;    ;    ;2C 1914
357.252;+50.928;     468;468; ; ; ;A;   ;23 46 31.0; 5;  ;+50 39.0; 6;);    8.0; ;  1.5;); ;    ;    ;    ;
358.334;+32.978;     469;469;); ; ;A;   ;23 50 48.0;10;  ;+32 42.0; 4;);   12.0; ;  2.5; ; ;    ;    ;    ;
359.106;+44.078;     470;470; ; ; ;A;   ;23 53 53.0; 2;  ;+43 48.0; 5; ;    8.0; ;  2.5; ; ;    ;    ;    ;
359.830;+41.695;     471;471; ; ; ;B;   ;23 56 46.0; 3;  ;+41 25.0; 7; ;    8.0; ;  2.0; ; ;    ;    ;    ;Possibly extended.
